City,Lat,Lng,Max Temp,Humidity,Cloudiness,Wind Speed,Country,Date
Carballo,43.21,-8.69,66.0,77,100,3.0,ES,1592687846
Lata,40.16,-8.33,63.0,92,0,3.18,PT,1592687846
Luwuk,-0.95,122.79,77.27,79,100,5.32,ID,1592687847
Constitución,-35.33,-72.42,55.29,91,100,22.93,CL,1592687847
Taltal,-25.4,-70.48,65.12,60,21,7.29,CL,1592687847
São Félix do Xingu,-6.64,-51.99,79.79,67,14,3.27,BR,1592687847
Passy,45.92,6.69,60.8,77,98,4.7,FR,1592687847
Ushuaia,-54.8,-68.3,37.4,89,75,7.4,AR,1592687847
Kiruna,67.86,20.23,64.4,48,8,6.93,SE,1592687847
Vilyuysk,63.76,121.62,68.04,59,1,3.29,RU,1592687848
Necochea,-38.55,-58.74,51.01,81,100,1.99,AR,1592687848
Butaritari,3.07,172.79,83.05,77,97,10.33,KI,1592687848
Thompson,55.74,-97.86,50.0,93,90,9.17,CA,1592687657
Luanda,-8.84,13.23,73.4,88,20,6.93,AO,1592687848
Rochegda,62.8,43.25,41.54,87,1,5.84,RU,1592687848
Bluff,-46.6,168.33,39.0,83,19,3.0,NZ,1592687849
Puerto Ayora,-0.74,-90.35,77.0,69,20,25.28,EC,1592687849
Dzerzhinsk,56.24,43.46,61.0,67,75,13.42,RU,1592687849
Tual,-5.67,132.75,80.29,81,10,21.83,ID,1592687849
Okha,53.57,142.95,41.05,95,100,10.51,RU,1592687849
Solana Beach,32.99,-117.27,73.0,68,90,5.82,US,1592687849
Anadyr,64.75,177.48,60.8,51,22,4.47,RU,1592687850
Barrow,71.29,-156.79,35.6,74,90,4.7,US,1592687633
Chui,-33.7,-53.46,55.47,90,26,6.93,UY,1592687850
Saint-Philippe,-21.36,55.77,68.0,77,74,8.05,RE,1592687850
Murdochville,48.96,-65.5,54.84,91,100,3.94,CA,1592687850
San Patricio,19.22,-104.7,87.8,74,40,11.41,MX,1592687850
Albany,42.6,-73.97,91.0,42,78,4.83,US,1592687703
Ryōtsu-minato,38.08,138.43,55.4,93,33,2.24,JP,1592687851
Villa Sandino,12.05,-84.99,89.6,62,40,6.93,NI,1592687851
Hasaki,35.73,140.83,68.0,82,75,11.41,JP,1592687851
Bengkulu,-3.8,102.27,75.38,89,100,4.41,ID,1592687851
Caravelas,-17.71,-39.25,71.85,81,28,3.0,BR,1592687851
Jamestown,42.1,-79.24,80.01,61,75,9.17,US,1592687791
Villamartín,36.86,-5.64,77.0,41,0,9.17,ES,1592687852
Tass,47.02,19.03,61.0,87,75,11.41,HU,1592687852
Tiarei,-17.53,-149.33,82.4,74,75,3.36,PF,1592687852
Tuktoyaktuk,69.45,-133.04,41.0,100,90,10.29,CA,1592687852
Vaini,-21.2,-175.2,77.0,78,75,18.34,TO,1592687852
Fuxin,42.02,121.66,72.45,60,33,15.48,CN,1592687852
Yellowknife,62.46,-114.35,73.4,33,20,17.22,CA,1592687852
Rikitea,-23.12,-134.97,76.14,81,67,15.52,PF,1592687853
Mezen',65.85,44.24,41.94,79,100,11.59,RU,1592687853
Hilo,19.73,-155.09,82.4,54,20,5.82,US,1592687559
Brae,60.4,-1.35,55.4,93,51,12.75,GB,1592687853
Torbay,47.67,-52.73,44.01,81,75,12.75,CA,1592687853
Tomigusuku,26.18,127.67,82.4,88,75,13.87,JP,1592687854
Boden,65.83,21.69,60.8,55,0,3.62,SE,1592687854
Severo-Kuril'sk,50.68,156.12,42.78,91,100,17.13,RU,1592687854
Castro,-24.79,-50.01,61.29,82,0,4.52,BR,1592687628
Shimoda,34.67,138.95,71.01,79,0,3.33,JP,1592687854
Narsaq,60.92,-46.05,53.6,40,75,5.82,GL,1592687854
Broome,42.25,-75.83,80.01,57,1,3.36,US,1592687854
Belyy Yar,53.6,91.39,51.8,81,40,8.95,RU,1592687854
Dzilam González,21.28,-88.93,90.0,69,6,5.79,MX,1592687855
Geraldton,-28.77,114.6,46.4,93,0,3.36,AU,1592687855
Ribeira Grande,38.52,-28.7,68.0,88,40,13.87,PT,1592687855
Zhigansk,66.77,123.37,70.3,43,0,3.94,RU,1592687855
Chokurdakh,70.63,147.92,83.89,23,0,10.38,RU,1592687855
Hermanus,-34.42,19.23,54.0,96,65,1.01,ZA,1592687855
Acapulco de Juárez,16.86,-99.89,89.6,66,40,10.29,MX,1592687784
Mount Isa,-20.73,139.5,60.8,38,0,12.75,AU,1592687855
Jambusar,22.05,72.8,85.26,75,87,17.29,IN,1592687766
Portland,45.52,-122.68,64.99,88,90,8.05,US,1592687252
Busselton,-33.65,115.33,41.0,71,0,6.13,AU,1592687856
Isangel,-19.55,169.27,72.39,77,43,14.45,VU,1592687856
George Town,5.41,100.34,82.4,88,20,5.03,MY,1592687850
Port Elizabeth,-33.92,25.57,55.4,93,68,4.7,ZA,1592687856
Nouadhibou,20.93,-17.03,73.4,69,16,5.82,MR,1592687856
Gimli,50.63,-96.99,60.01,93,100,3.0,CA,1592687857
Raudeberg,61.99,5.14,63.0,82,97,0.45,NO,1592687857
Bac Lieu,9.29,105.72,78.42,85,100,5.41,VN,1592687857
Port Blair,11.67,92.75,82.44,83,89,10.8,IN,1592687857
Dunedin,-45.87,170.5,43.0,94,93,3.0,NZ,1592687674
Laguna,38.42,-121.42,87.01,37,1,4.7,US,1592687857
San Andrés,12.58,-81.7,84.2,83,75,18.34,CO,1592687858
Mataura,-46.19,168.86,39.0,83,38,3.0,NZ,1592687858
Guanare,9.04,-69.74,78.37,85,100,3.31,VE,1592687858
Zhuhai,22.28,113.57,84.99,83,20,12.75,CN,1592687858
Upernavik,72.79,-56.15,41.18,73,0,7.52,GL,1592687859
Hobart,-42.88,147.33,46.4,93,75,5.82,AU,1592687859
Grindavik,63.84,-22.43,53.6,81,75,20.8,IS,1592687859
Jardim,-21.48,-56.14,78.75,51,0,5.41,BR,1592687859
Avera,33.19,-82.53,91.4,36,40,10.29,US,1592687859
Bredasdorp,-34.53,20.04,55.4,93,28,5.35,ZA,1592687859
Nuuk,64.18,-51.72,41.0,86,75,10.29,GL,1592687859
Kahului,20.89,-156.47,84.2,54,20,18.34,US,1592687738
Tazovsky,67.47,78.7,42.28,94,64,9.57,RU,1592687859
Hare Bay,48.85,-54.01,55.4,54,75,8.05,CA,1592687860
Punta Arenas,-53.15,-70.92,39.2,80,75,5.82,CL,1592687803
Sambava,-14.27,50.17,74.57,90,98,14.25,MG,1592687860
Lompoc,34.64,-120.46,66.2,72,12,13.87,US,1592687849
Baruun-Urt,46.68,113.28,62.37,73,100,11.79,MN,1592687860
Pitimbu,-7.47,-34.81,78.8,83,75,9.17,BR,1592687860
Ürümqi,43.8,87.6,59.0,82,20,8.95,CN,1592687860
Lüderitz,-26.65,15.16,60.8,67,0,6.93,NA,1592687860
Esperance,-33.87,121.9,39.2,86,0,5.82,AU,1592687861
Tasiilaq,65.61,-37.64,46.4,65,100,36.91,GL,1592687861
Marsá Maţrūḩ,31.35,27.25,75.2,47,0,5.82,EG,1592687861
Katangli,51.71,143.23,41.49,96,100,7.63,RU,1592687861
Emerald,-23.53,148.17,59.0,87,90,6.93,AU,1592687861
Paracatu,-17.22,-46.87,69.75,76,10,4.36,BR,1592687861
Kapaa,22.08,-159.32,79.0,83,90,10.29,US,1592687862
Sahuaripa,29.05,-109.23,104.9,12,2,7.31,MX,1592687862
Carauari,-4.88,-66.9,87.19,63,51,2.8,BR,1592687862
East London,-33.02,27.91,69.35,30,0,8.86,ZA,1592687862
Bambous Virieux,-20.34,57.76,70.0,88,40,11.41,MU,1592687862
Albanel,48.88,-72.45,80.6,61,75,3.27,CA,1592687856
Zhangye,38.93,100.45,72.03,42,100,3.13,CN,1592687863
Souillac,-20.52,57.52,69.8,88,40,11.41,MU,1592687863
Lebu,-37.62,-73.65,52.84,85,50,13.35,CL,1592687863
Cap Malheureux,-19.98,57.61,70.0,82,95,14.0,MU,1592687863
Junín,-34.58,-60.94,59.0,64,100,6.89,AR,1592687863
Cape Town,-33.93,18.42,60.01,93,40,8.05,ZA,1592687815
Nemuro,43.32,145.57,50.11,87,1,8.21,JP,1592687863
Imeni Babushkina,59.76,43.13,42.71,81,0,4.41,RU,1592687864
Kieta,-6.22,155.63,80.22,77,49,3.06,PG,1592687864
Burnie,-41.07,145.92,45.0,93,5,4.0,AU,1592687864
Galveston,29.37,-94.97,84.99,74,1,12.75,US,1592687736
Atuona,-9.8,-139.03,79.74,76,4,16.26,PF,1592687864
Provideniya,64.38,-173.3,57.79,42,0,5.01,RU,1592687864
Avarua,-21.21,-159.78,73.4,73,100,8.05,CK,1592687864
Hong Kong,22.29,114.16,84.99,79,60,5.01,HK,1592687865
Qaanaaq,77.48,-69.36,40.3,70,99,7.96,GL,1592687865
Cherskiy,68.75,161.3,80.28,27,100,10.22,RU,1592687865
Kearney,40.7,-99.08,80.6,57,1,9.17,US,1592687865
Carnarvon,-24.87,113.63,57.2,100,0,10.22,AU,1592687865
Acaraú,-2.89,-40.12,78.94,82,3,12.66,BR,1592687865
Nísia Floresta,-6.09,-35.21,80.6,74,40,16.11,BR,1592687865
Hokitika,-42.72,170.97,45.48,61,0,7.16,NZ,1592687866
Srednekolymsk,67.45,153.68,82.4,33,2,9.62,RU,1592687866
Sar-e Pul,35.83,66.17,64.35,27,0,3.56,AF,1592687866
Yerbogachën,61.28,108.01,59.18,84,59,2.44,RU,1592687866
Smidovich,48.6,133.82,52.21,84,100,14.16,RU,1592687866
Nanortalik,60.14,-45.24,41.11,74,100,8.93,GL,1592687867
Faya,18.39,42.45,77.0,53,100,3.47,SA,1592687867
Alyangula,-13.85,136.42,64.4,93,0,3.36,AU,1592687867
Pangkalanbuun,-2.68,111.62,74.39,98,100,2.86,ID,1592687867
Pevek,69.7,170.31,43.93,69,78,6.49,RU,1592687867
Troitsko-Pechorsk,62.71,56.2,41.9,92,100,13.22,RU,1592687867
Chuka,-0.33,37.65,62.1,84,62,2.42,KE,1592687867
Hirara,24.8,125.28,83.7,82,20,18.25,JP,1592687868
Nosy Varika,-20.58,48.53,68.83,87,100,5.39,MG,1592687868
Karratha,-20.74,116.85,67.46,39,0,14.5,AU,1592687708
Yanahuanca,-10.52,-76.5,50.49,45,39,8.48,PE,1592687868
Margate,51.38,1.39,60.01,78,11,1.99,GB,1592687868
Xinqing,48.23,129.5,54.41,95,100,11.7,CN,1592687868
Sterling,39.01,-77.43,80.01,69,75,10.29,US,1592687579
Pasni,25.26,63.47,84.45,83,48,8.57,PK,1592687869
Norman Wells,65.28,-126.83,66.2,88,75,17.22,CA,1592687869
Mar del Plata,-38.0,-57.56,53.01,76,100,5.82,AR,1592687598
Tiksi,71.69,128.87,65.07,41,0,5.06,RU,1592687869
Onega,63.91,38.14,43.2,81,2,4.18,RU,1592687869
Deputatsky,69.3,139.9,75.43,28,0,2.17,RU,1592687869
Río Gallegos,-51.62,-69.22,39.2,69,86,10.29,AR,1592687869
Las Cruces,32.31,-106.78,97.0,5,1,13.87,US,1592687869
Gōtsuchō,35.0,132.22,64.71,84,35,3.83,JP,1592687870
Pangnirtung,66.15,-65.71,47.91,53,2,3.71,CA,1592687870
Yeppoon,-23.13,150.73,62.6,82,90,3.36,AU,1592687870
Guerrero Negro,27.98,-114.06,73.76,51,0,18.99,MX,1592687870
Hobyo,5.35,48.53,80.13,66,2,27.25,SO,1592687870
Coahuayana Viejo,18.73,-103.68,86.0,58,75,17.22,MX,1592687870
Timmins,48.47,-81.33,82.4,48,75,4.7,CA,1592687871
Belaya Gora,68.53,146.42,83.25,25,0,4.5,RU,1592687871
Dikson,73.51,80.55,35.92,84,99,22.75,RU,1592687871
Pisco,-13.7,-76.22,66.2,72,35,9.17,PE,1592687871
Ulaangom,49.98,92.07,58.14,57,30,3.29,MN,1592687871
Port Alfred,-33.59,26.89,64.99,44,20,7.0,ZA,1592687871
Karpogory,64.0,44.45,42.53,75,100,9.04,RU,1592687871
Sept-Îles,50.2,-66.38,60.01,67,75,3.36,CA,1592687871
Salym,60.06,71.48,52.39,98,100,6.51,RU,1592687872
Sitka,57.05,-135.33,51.8,87,90,13.87,US,1592687872
Wiarton,44.74,-81.13,82.4,51,75,2.24,CA,1592687843
Ketchikan,55.34,-131.65,55.4,82,90,11.41,US,1592687828
Tokmak,47.25,35.71,66.87,84,66,8.32,UA,1592687872
Kaitangata,-46.28,169.85,44.01,83,54,7.0,NZ,1592687872
Qasigiannguit,68.82,-51.19,46.4,64,5,6.93,GL,1592687873
Hofn,64.25,-15.21,51.66,89,42,7.23,IS,1592687873
Ust'-Ilimsk,58.0,102.66,57.31,84,64,1.03,RU,1592687873
Umluj,25.02,37.27,80.02,55,0,6.04,SA,1592687873
Mossamedes,-15.2,12.15,70.99,55,0,5.01,AO,1592687873
La Ronge,55.1,-105.28,57.2,54,75,6.93,CA,1592687873
Bethel,41.37,-73.41,84.99,51,1,11.41,US,1592687775
Dingle,11.0,122.67,77.63,78,35,4.59,PH,1592687874
Loralai,30.37,68.6,80.31,28,0,10.8,PK,1592687874
Iquique,-20.22,-70.14,64.4,63,75,11.41,CL,1592687874
Camaná,-16.62,-72.71,64.22,71,47,6.91,PE,1592687874
Beeville,28.4,-97.75,91.4,70,1,12.75,US,1592687874
Te Anau,-45.42,167.72,32.63,94,40,1.36,NZ,1592687874
Vostok,46.49,135.88,48.49,99,100,4.12,RU,1592687875
Nikolskoye,59.7,30.79,60.8,63,0,6.71,RU,1592687875
Gold Coast,-28.0,153.43,57.99,93,90,4.09,AU,1592687875
Pochutla,15.74,-96.47,87.8,66,40,6.73,MX,1592687875
Karasjok,69.47,25.51,50.0,76,0,4.7,NO,1592687875
Calvinia,-31.47,19.78,49.55,77,21,5.5,ZA,1592687875
Irbeyskoye,55.64,95.45,54.41,92,0,3.51,RU,1592687875
Virginia Beach,36.85,-75.98,73.99,88,90,10.85,US,1592687107
Bāfq,31.61,55.41,87.04,13,17,2.66,IR,1592687876
Atar,20.52,-13.05,101.84,12,36,9.31,MR,1592687876
Saskylakh,71.92,114.08,73.47,47,100,1.45,RU,1592687876
São Miguel do Araguaia,-13.28,-50.16,77.76,48,24,1.7,BR,1592687876
Varzelândia,-15.7,-44.03,70.75,49,17,7.36,BR,1592687876
Nantucket,41.28,-70.1,73.99,88,1,12.75,US,1592687876
Lichinga,-13.31,35.24,52.25,75,0,3.98,MZ,1592687876
Djibouti,11.5,42.5,89.26,30,0,2.44,DJ,1592687876
Kamenka,51.32,42.77,73.0,63,41,3.0,RU,1592687877
Cidreira,-30.18,-50.21,67.82,92,51,1.25,BR,1592687877
Vanavara,60.34,102.28,57.4,71,36,2.77,RU,1592687877
Tripoli,32.88,13.19,72.61,68,0,10.16,LY,1592687684
Terråk,65.09,12.37,73.4,49,43,3.36,NO,1592687877
Hamada,34.88,132.08,64.99,45,22,1.99,JP,1592687877
Chernyshkovskiy,48.42,42.23,68.97,63,98,8.34,RU,1592687877
Bereket,39.24,55.52,93.47,10,86,18.39,TM,1592687878
Kavieng,-2.57,150.8,82.67,73,22,1.83,PG,1592687878
Mahébourg,-20.41,57.7,69.8,88,40,11.41,MU,1592687878
Panacan,9.25,118.41,80.64,77,32,2.75,PH,1592687878
Leningradskiy,69.38,178.42,53.69,51,23,6.08,RU,1592687878
Staryy Nadym,65.61,72.68,47.82,66,47,12.28,RU,1592687878
Berlevåg,70.86,29.09,43.66,82,3,0.85,NO,1592687878
Zhalantun,48.0,122.72,59.61,93,14,4.7,CN,1592687879
Arraial do Cabo,-22.97,-42.03,78.8,83,0,6.93,BR,1592687879
Msanga,-6.05,36.03,66.2,68,20,9.17,TZ,1592687879
Santa Cruz Cabrália,-16.28,-39.02,77.0,65,31,5.82,BR,1592687758
Alofi,-19.06,-169.92,76.73,80,100,24.4,NU,1592687879
Volchikha,52.03,80.38,42.78,69,0,3.89,RU,1592687879
Cayenne,4.93,-52.33,84.2,70,67,4.7,GF,1592687879
Polunochnoye,60.87,60.42,42.66,79,90,9.06,RU,1592687879
Pathein,16.78,94.73,80.01,88,100,5.53,MM,1592687879
Vila Franca do Campo,37.72,-25.43,66.2,88,20,10.29,PT,1592687880
Dudinka,69.41,86.18,48.2,76,55,13.42,RU,1592687880
Codrington,-38.27,141.97,43.74,91,85,4.23,AU,1592687880
Araouane,18.9,-3.53,98.87,17,34,2.24,ML,1592687880
San Jose,37.34,-121.89,84.99,41,20,6.33,US,1592687779
Takapau,-40.03,176.35,50.0,96,100,4.81,NZ,1592687880
Smithers,54.78,-127.17,62.6,77,75,6.93,CA,1592687880
Laas,46.62,10.7,53.6,76,40,6.93,IT,1592687881
Chicama,-7.84,-79.15,71.94,60,2,10.4,PE,1592687881
Vardø,70.37,31.11,43.03,85,1,3.33,NO,1592687881
Muscat,23.61,58.59,93.2,52,48,4.83,OM,1592687881
Vidim,56.41,103.11,53.26,89,0,1.9,RU,1592687881
Airai,-8.93,125.41,54.63,100,6,3.6,TL,1592687881
Kununurra,-15.77,128.73,60.8,39,0,9.69,AU,1592687881
Henties Bay,-22.12,14.28,66.99,38,51,5.79,NA,1592687881
Katsuura,35.13,140.3,73.0,89,80,5.32,JP,1592687882
Onokhoy,51.93,108.07,50.0,87,61,4.47,RU,1592687882
Hithadhoo,-0.6,73.08,82.83,73,100,7.05,MV,1592687882
Khatanga,71.97,102.5,55.78,60,74,16.64,RU,1592687882
Macusani,-14.08,-70.43,47.19,52,16,4.12,PE,1592687882
Ancud,-41.87,-73.82,46.99,87,20,3.36,CL,1592687882
Mashivka,49.44,34.87,64.56,92,92,11.86,UA,1592687883
Tura,25.52,90.22,75.29,91,3,4.74,IN,1592687883
Payson,40.04,-111.73,80.6,21,90,8.05,US,1592687883
Rājula,21.05,71.43,84.07,76,100,13.76,IN,1592687883
Coquimbo,-29.95,-71.34,55.4,93,90,9.17,CL,1592687883
Salinópolis,-0.61,-47.36,80.11,85,6,10.96,BR,1592687883
Ndélé,8.41,20.65,71.44,89,87,4.23,CF,1592687884
Olafsvik,64.89,-23.71,51.4,86,75,3.18,IS,1592687884
Longyearbyen,78.22,15.64,39.2,86,75,17.22,SJ,1592687884
Altamont,42.21,-121.74,82.99,20,1,14.99,US,1592687734
Khovd,48.01,91.64,59.81,36,0,9.19,MN,1592687884
Micheweni,-4.97,39.83,77.68,74,77,15.43,TZ,1592687884
Vao,-22.67,167.48,67.68,60,30,12.08,NC,1592687884
Bathsheba,13.22,-59.52,84.2,79,40,17.22,BB,1592687885
Lagoa,39.05,-27.98,65.61,91,0,17.38,PT,1592687885
Rio Grande,-32.03,-52.1,62.6,100,90,4.7,BR,1592687874
Ola,59.58,151.28,51.13,83,11,4.79,RU,1592687885
Saint-Augustin,51.23,-58.65,52.41,64,74,11.1,CA,1592687885
Jacksonville,30.33,-81.66,90.0,46,75,17.22,US,1592687885
Kruisfontein,-34.0,24.73,57.7,87,99,3.65,ZA,1592687885
Calama,-22.47,-68.93,69.8,9,0,24.16,CL,1592687885
Garoowe,8.41,48.48,85.53,40,82,18.34,SO,1592687886
Al Bardīyah,31.76,25.09,84.22,28,0,14.61,LY,1592687886
Bhatgaon,21.15,81.7,79.39,71,100,7.2,IN,1592687886
Biu,10.61,12.19,73.89,76,45,7.2,NG,1592687886
Stillwater,36.12,-97.06,89.01,45,40,8.86,US,1592687886
Cervo,43.67,-7.41,66.0,78,100,1.01,ES,1592687886
Clyde River,70.47,-68.59,37.4,93,20,11.41,CA,1592687886
Talaya,61.38,152.75,62.49,47,0,4.38,RU,1592687886
Zonguldak,41.25,31.83,58.33,82,0,5.79,TR,1592687887
Ruteng,-8.61,120.47,61.29,100,95,2.84,ID,1592687887
Liverpool,53.41,-2.98,66.2,68,100,12.75,GB,1592687671
Lensk,60.73,114.93,62.04,70,52,2.62,RU,1592687887
Cabo San Lucas,22.89,-109.91,89.6,43,5,5.82,MX,1592687594
Sergiyevsk,53.94,51.16,60.89,94,37,4.81,RU,1592687887
New Norfolk,-42.78,147.06,44.01,92,100,1.43,AU,1592687887
Peto,20.13,-88.92,85.95,75,32,3.87,MX,1592687887
Patrocínio,-18.94,-46.99,71.6,68,3,3.36,BR,1592687888
Mayor Pablo Lagerenza,-19.93,-60.77,87.94,39,0,9.44,PY,1592687888
Oktyabr'skiy,54.48,53.47,59.45,95,100,5.75,RU,1592687888
Chambas,22.19,-78.91,86.02,72,70,9.69,CU,1592687888
Halifax,44.65,-63.57,87.01,45,7,4.41,CA,1592687796
California City,35.13,-117.99,100.99,11,1,8.08,US,1592687888
Aklavik,68.22,-135.01,48.2,87,90,11.41,CA,1592687888
Żurrieq,35.83,14.47,73.4,60,0,23.04,MT,1592687888
Kirakira,-10.45,161.92,80.19,80,100,9.28,SB,1592687889
Ponta do Sol,32.67,-17.1,71.6,64,40,16.11,PT,1592687889
Fortuna,40.6,-124.16,71.01,72,20,17.22,US,1592687889
Toamasina,-18.17,49.38,66.2,93,75,13.87,MG,1592687889
Birin,26.89,88.07,63.01,100,7,3.87,NP,1592687889
Beidao,34.57,105.89,63.61,79,68,2.73,CN,1592687889
Kudahuvadhoo,2.67,72.89,83.68,77,100,10.87,MV,1592687889
Massaguet,12.48,15.44,87.8,58,11,8.05,TD,1592687890
Tabou,4.42,-7.35,78.12,80,100,6.87,CI,1592687890
Alibag,18.64,72.88,84.2,83,40,6.93,IN,1592687890
Snezhnogorsk,69.19,33.25,48.2,70,0,4.47,RU,1592687890
Mumbai,19.01,72.85,84.2,83,40,6.93,IN,1592687769
Jiaojiang,28.68,121.44,72.0,85,100,0.74,CN,1592687890
Lavrentiya,65.58,-171.0,53.19,46,49,15.52,RU,1592687890
Puerto Baquerizo Moreno,-0.9,-89.6,77.0,73,40,12.75,EC,1592687890
Bajina Bašta,43.97,19.57,51.8,100,100,5.82,RS,1592687891
Tsarychanka,48.94,34.48,65.89,91,81,11.95,UA,1592687891
The Valley,18.22,-63.06,84.99,70,40,16.11,AI,1592687891
Bosaso,11.28,49.18,93.63,43,6,15.61,SO,1592687891
Sūsangerd,31.56,48.18,93.2,18,0,4.7,IR,1592687891
St. George's,12.06,-61.75,86.0,79,40,16.11,GD,1592687891
San Borja,-14.82,-66.85,86.05,59,82,4.29,BO,1592687892
Bose,45.46,8.01,70.0,70,63,3.0,IT,1592687892
Santa Cruz,30.42,-9.6,69.8,77,40,8.05,MA,1592687836
Praia,14.92,-23.51,77.0,73,20,16.11,CV,1592687892
Black River,18.03,-77.85,86.0,79,40,18.34,JM,1592687892
Kozhva,65.11,57.05,43.7,96,100,9.28,RU,1592687892
Bitung,1.45,125.18,75.2,94,20,1.12,ID,1592687892
Camacha,33.08,-16.33,68.0,82,40,10.29,PT,1592687893
Kostyantynivka,48.53,37.71,65.08,87,100,4.27,UA,1592687893
Corinth,37.94,22.96,71.01,49,0,1.99,GR,1592687893
Romitan,39.93,64.38,75.2,33,0,6.93,UZ,1592687893
Pedana,16.27,81.17,82.9,76,100,6.29,IN,1592687893
Fairbanks,64.84,-147.72,71.01,52,75,5.82,US,1592687893
Aras,42.56,-2.36,62.35,80,2,2.84,ES,1592687893
Saint George,37.1,-113.58,100.0,6,1,11.41,US,1592687773
Khani,41.96,42.96,62.6,93,75,5.82,GE,1592687893
Itarema,-2.92,-39.92,78.39,83,5,12.1,BR,1592687894
Cockburn Town,21.46,-71.14,86.0,70,40,13.87,TC,1592687894
Meulaboh,4.14,96.13,75.94,88,100,6.93,ID,1592687894
Palmer,42.16,-72.33,91.4,36,75,8.05,US,1592687894
Mulatupo,8.95,-77.77,83.52,73,100,4.43,PA,1592687894
Ilulissat,69.22,-51.1,46.4,59,5,6.93,GL,1592687894
Ubinskoye,55.31,79.68,40.1,86,0,5.5,RU,1592687894
Chapada dos Guimarães,-15.46,-55.75,91.4,24,4,9.17,BR,1592687894
Puerto Escondido,15.85,-97.07,89.6,62,75,6.93,MX,1592687895
Mercedes,-34.65,-59.43,60.01,59,100,1.99,AR,1592687895
Jalingo,8.88,11.37,77.9,79,57,3.22,NG,1592687895
Hambantota,6.12,81.12,81.82,79,100,18.34,LK,1592687895
Kolpashevo,58.31,82.91,40.87,79,5,5.88,RU,1592687895
Tautira,-17.73,-149.15,84.2,70,75,3.36,PF,1592687895
Galle,6.04,80.22,81.88,83,100,15.08,LK,1592687895
Gazimurskiy Zavod,51.55,118.33,47.98,85,0,2.57,RU,1592687896
Salima,-13.78,34.46,64.15,67,14,4.63,MW,1592687896
Monrovia,6.3,-10.8,78.8,94,20,6.69,LR,1592687896
Honningsvåg,70.98,25.97,44.01,83,0,4.63,NO,1592687896
Batemans Bay,-35.72,150.18,51.01,96,81,4.59,AU,1592687896
Marshfield,44.67,-90.17,71.01,88,90,4.7,US,1592687896
Achalpur,21.26,77.51,82.53,65,100,3.06,IN,1592687896
Trairi,-3.28,-39.27,79.18,78,5,10.42,BR,1592687897
Broken Hill,-31.95,141.43,46.4,70,9,18.34,AU,1592687665
Orvault,47.27,-1.62,60.01,87,46,5.82,FR,1592687897
Kaniama,-7.57,24.18,67.08,47,5,3.42,CD,1592687897
Ostrovnoy,68.05,39.51,41.2,87,95,9.78,RU,1592687897
Trincomalee,8.57,81.23,83.1,76,100,21.27,LK,1592687897
Yulara,-25.24,130.99,37.4,51,0,6.93,AU,1592687897
Benin,9.5,2.25,72.88,87,5,3.62,BJ,1592687897
Kailua,21.4,-157.74,82.4,65,75,13.87,US,1592687686
Powell,40.16,-83.08,91.99,27,1,0.96,US,1592687898
Quelimane,-17.88,36.89,68.0,88,20,6.93,MZ,1592687898
Changtu,42.78,124.1,71.47,59,78,19.44,CN,1592687898
Adrar,20.5,-10.07,100.98,14,22,9.17,MR,1592687898
Arrondissement d'Arcachon,44.59,-1.05,64.99,87,0,3.36,FR,1592687898
Kasongo-Lunda,-6.47,16.82,69.26,40,0,1.59,CD,1592687898
Waingapu,-9.66,120.26,74.89,81,12,10.65,ID,1592687898
Coyhaique,-45.58,-72.07,41.0,86,75,4.7,CL,1592687899
Ust'-Kulom,61.69,53.69,43.36,71,71,10.87,RU,1592687899
Verāval,20.9,70.37,84.76,78,97,15.03,IN,1592687899
Dakar,14.69,-17.44,80.6,78,1,4.7,SN,1592687700
Kashan,33.98,51.44,83.84,13,0,12.84,IR,1592687899
Port Shepstone,-30.74,30.45,62.24,57,0,6.02,ZA,1592687899
Tuatapere,-46.13,167.68,39.0,83,50,3.0,NZ,1592687899
Ossora,59.24,163.07,58.87,61,0,4.54,RU,1592687899
Beringovskiy,63.05,179.32,45.37,62,14,5.03,RU,1592687900
Plettenberg Bay,-34.05,23.37,60.3,81,97,4.92,ZA,1592687900
Saint Paul Harbor,57.79,-152.41,51.8,87,90,10.29,US,1592687900
Champerico,14.3,-91.92,91.4,66,20,9.17,GT,1592687900
Ternate,0.8,127.4,80.58,79,100,4.21,ID,1592687900
Visby,57.64,18.3,66.0,88,0,10.29,SE,1592687900
Kismayo,-0.36,42.55,78.17,78,47,19.26,SO,1592687900
Yaring,6.87,101.37,78.66,82,100,4.83,TH,1592687900
Marawi,8.0,124.29,75.99,91,89,5.01,PH,1592687900
Guangyuan,32.44,105.82,70.29,83,91,3.02,CN,1592687782
Antofagasta,-23.65,-70.4,60.8,67,20,8.05,CL,1592687901
Pacific Grove,36.62,-121.92,62.6,72,75,12.75,US,1592687647
Alice Springs,-23.7,133.88,37.4,69,0,4.7,AU,1592687708
Richards Bay,-28.78,32.04,62.64,83,0,9.37,ZA,1592687901
Tigil',57.8,158.67,56.5,74,39,5.35,RU,1592687901
Jinchang,38.5,102.17,72.19,44,84,12.59,CN,1592687901
Carnduff,49.17,-101.8,62.01,59,50,8.01,CA,1592687901
Goderich,43.75,-81.72,87.01,60,100,1.01,CA,1592687901
Rosetta,31.4,30.42,73.4,73,0,8.05,EG,1592687901
Klaksvík,62.23,-6.59,53.6,93,47,13.87,FO,1592687902
São Filipe,14.9,-24.5,74.57,81,16,6.71,CV,1592687902
Bonavista,48.65,-53.11,43.74,72,76,10.51,CA,1592687902
Bar Harbor,44.39,-68.2,84.0,58,1,12.75,US,1592687902
Fukuechō,32.69,128.84,72.72,82,100,6.8,JP,1592687902
Lakes Entrance,-37.88,147.98,39.99,96,8,6.13,AU,1592687902
Santa Cruz de La Palma,28.68,-17.76,71.6,64,6,11.41,ES,1592687902
Pilar,-9.6,-35.96,78.8,74,40,10.29,BR,1592687802
Sinnamary,5.38,-52.95,80.28,86,69,9.46,GF,1592687903
Behbahān,30.6,50.24,84.2,20,0,4.7,IR,1592687903
Sidi Ali,36.1,0.42,74.07,46,0,6.71,DZ,1592687903
Ludvika,60.15,15.19,63.0,78,1,1.99,SE,1592687903
Oodweyne,9.41,45.06,76.03,54,34,12.57,SO,1592687903
Dhārchula,29.85,80.53,68.49,69,60,1.97,IN,1592687903
Shumskiy,54.83,99.13,52.81,89,66,1.81,RU,1592687903
Departamento de Maldonado,-34.67,-54.92,59.0,67,23,9.17,UY,1592687904
Campo Verde,-20.42,-54.07,84.2,37,0,8.05,BR,1592687904
Sakakah,29.97,40.21,80.6,30,0,13.87,SA,1592687904
Krasnosel'kup,65.7,82.47,44.22,87,100,13.8,RU,1592687904
Pospelikha,51.95,81.77,42.76,71,0,6.11,RU,1592687904
Shizunai-furukawachō,42.33,142.37,55.42,86,6,4.45,JP,1592687904
Soverato Marina,38.69,16.55,71.6,83,8,6.93,IT,1592687904
Saint-François,46.42,3.91,60.8,67,94,3.2,FR,1592687904
Samarai,-10.62,150.67,79.02,86,19,12.64,PG,1592687904
Bandarbeyla,9.49,50.81,79.97,73,100,28.99,SO,1592687905
Porto Velho,-8.76,-63.9,91.4,49,40,5.82,BR,1592687905
San Cristobal,7.77,-72.22,86.0,55,40,20.8,VE,1592687710
Matcha,54.63,42.35,62.22,95,51,12.15,RU,1592687905
Korla,41.76,86.15,72.82,22,3,14.85,CN,1592687905
Kupang,-10.17,123.58,75.83,83,7,11.79,ID,1592687905
Tromsø,69.65,18.96,51.8,57,0,4.7,NO,1592687905
Santo Domingo,18.5,-69.99,91.4,59,20,13.87,DO,1592687870
Bystřice pod Hostýnem,49.4,17.67,57.99,90,100,3.0,CZ,1592687905
Safi,32.3,-9.24,70.09,74,0,20.76,MA,1592687835
Rocha,-34.48,-54.33,52.57,87,2,6.46,UY,1592687906
Mt. Pleasant,32.79,-79.86,84.99,78,20,8.05,US,1592687706
Bengbu,32.94,117.36,68.02,95,48,3.67,CN,1592687906
Jalu,29.03,21.55,92.46,12,0,4.81,LY,1592687906
Wajir,1.75,40.06,77.92,59,45,20.65,KE,1592687906
Fort Nelson,58.81,-122.7,80.6,36,75,5.82,CA,1592687768
Labuhan,-6.88,112.21,76.48,86,53,8.86,ID,1592687906
Lorengau,-2.02,147.27,81.73,74,1,1.16,PG,1592687907
Yangi Marg`ilon,40.43,71.72,75.07,20,0,4.52,UZ,1592687907
Abalak,58.13,68.59,48.67,96,89,6.15,RU,1592687907
Deshnok,27.8,73.34,94.28,39,0,20.65,IN,1592687907
Marsh Harbour,26.54,-77.06,82.33,75,72,7.2,BS,1592687907
North Platte,41.12,-100.77,84.99,42,1,9.17,US,1592687641
Plouzané,48.38,-4.62,59.0,87,90,18.34,FR,1592687907
Marystown,47.17,-55.15,52.63,77,100,11.3,CA,1592687907
Kapoeta,4.77,33.59,75.4,77,45,5.61,SS,1592687907
Biak,-0.91,122.88,76.91,83,100,7.23,ID,1592687908
Houma,29.6,-90.72,91.99,58,1,9.17,US,1592687908
Opuwo,-18.06,13.84,52.9,50,0,5.91,NA,1592687908
Katete,-0.78,29.75,60.69,94,20,3.24,UG,1592687908
Bairiki Village,1.33,172.98,80.6,94,75,3.36,KI,1592687908
Yilan,24.76,121.75,84.0,83,20,4.7,TW,1592687908
Ginda,30.69,78.49,63.01,64,0,4.59,IN,1592687908
Osinki,52.84,49.51,62.58,72,0,0.96,RU,1592687908
Copiapó,-27.37,-70.33,59.0,77,40,13.87,CL,1592687647
Mthatha,-31.59,28.78,48.2,66,0,4.7,ZA,1592687909
Nhulunbuy,-12.23,136.77,75.34,69,0,14.23,AU,1592687909
Lucapa,-8.42,20.74,64.4,40,0,3.18,AO,1592687909
Carupano,10.67,-63.26,84.56,71,1,12.71,VE,1592687909
Flinders,-34.58,150.86,54.0,89,97,1.01,AU,1592687909
Winneba,5.35,-0.62,80.6,83,90,11.41,GH,1592687702
Novolugovoye,54.98,83.11,41.0,93,0,6.71,RU,1592687909
Paranapanema,-23.39,-48.72,67.3,68,0,3.78,BR,1592687909
Terrace,54.52,-128.6,64.4,72,75,17.22,CA,1592687886
Takoradze,4.88,-1.76,76.96,86,81,9.44,GH,1592687910
San Quintín,30.48,-115.95,68.09,63,0,14.47,MX,1592687910
Upata,8.01,-62.4,90.0,62,53,5.01,VE,1592687910
Shahrud,36.42,54.98,85.05,13,99,14.18,IR,1592687910
Praia da Vitória,38.73,-27.07,71.6,73,20,7.63,PT,1592687910
Urucará,-2.54,-57.76,80.73,84,100,3.8,BR,1592687910
Sivaki,52.63,126.75,54.88,98,96,9.4,RU,1592687911
Skibbereen,51.55,-9.27,57.2,93,75,17.22,IE,1592687911
Touros,-5.2,-35.46,78.8,78,20,8.05,BR,1592687911
Wencheng,33.06,113.8,68.7,88,91,1.99,CN,1592687911
Kharp,66.8,65.81,44.42,68,82,14.61,RU,1592687911
Merauke,-8.47,140.33,76.75,84,13,14.27,ID,1592687911
Bonthe,7.53,-12.51,77.81,81,44,4.74,SL,1592687911
Marion,39.77,-86.16,91.99,40,40,13.87,US,1592687812
Lékoni,-1.58,14.26,78.78,66,99,5.26,GA,1592687912
Saldanha,-33.01,17.94,57.2,93,46,9.17,ZA,1592687912
Husavik,66.04,-17.34,66.2,45,40,16.11,IS,1592687912
Vila Velha,-20.33,-40.29,77.0,78,0,12.75,BR,1592687912
Bilma,18.69,12.92,91.11,11,60,8.75,NE,1592687912
Bundaberg,-24.85,152.35,61.0,100,90,13.87,AU,1592687912
Port Hardy,50.7,-127.42,57.2,82,90,10.29,CA,1592687912
Buraidah,26.33,43.98,89.6,25,0,11.41,SA,1592687876
Shenkursk,62.11,42.9,43.38,87,26,5.73,RU,1592687912
Daru,-9.08,143.21,77.16,87,48,13.67,PG,1592687913
Bayjī,34.93,43.49,79.43,33,0,3.13,IQ,1592687913
Mackay,-21.15,149.2,60.8,93,90,8.05,AU,1592687913
Esim,4.87,-2.24,77.4,83,95,8.32,GH,1592687716
Marzuq,14.4,46.47,86.11,29,85,2.89,YE,1592687913
Makakilo City,21.35,-158.09,82.4,58,75,8.05,US,1592687913
Chunoyar,57.45,97.32,55.09,89,1,2.98,RU,1592687913
La Brea,15.8,-85.97,90.66,49,99,9.95,HN,1592687913
Jati,24.35,68.27,85.87,82,41,9.42,PK,1592687913
Dezhou,37.45,116.29,74.34,51,0,9.04,CN,1592687914
Klyuchi,52.27,79.17,45.36,59,0,3.89,RU,1592687914
Phan Thiet,10.93,108.1,77.65,87,100,6.13,VN,1592687914
Sur,22.57,59.53,85.62,66,55,15.93,OM,1592687914
Quryq,43.2,51.65,83.53,25,22,28.57,KZ,1592687914
Madera,37.17,-119.83,99.0,16,0,1.01,US,1592687914
Maragogi,-9.01,-35.22,76.28,80,0,12.19,BR,1592687914
Manacapuru,-3.3,-60.62,87.8,55,20,12.75,BR,1592687914
Beira,-19.84,34.84,64.4,93,0,3.36,MZ,1592687914
Włoszczowa,50.85,19.97,66.0,100,74,10.67,PL,1592687914
Fes,34.04,-5.0,75.2,57,0,10.29,MA,1592687915
Vestmannaeyjar,63.44,-20.27,51.49,87,96,24.54,IS,1592687915
Tevriz,57.51,72.4,53.15,73,100,10.67,RU,1592687915
Ulaanbaatar,47.91,106.88,60.8,67,75,2.24,MN,1592687915
Alghero,40.56,8.32,66.2,82,0,4.7,IT,1592687915
El Alto,-4.27,-81.21,68.92,74,9,14.52,PE,1592687915
Kāman,27.65,77.27,94.53,39,60,4.99,IN,1592687915
Pisz,53.63,21.81,65.61,90,100,5.97,PL,1592687915
Virtsu,58.57,23.51,61.0,79,31,11.99,EE,1592687916
Tyukhtet,56.54,89.3,44.65,95,100,4.52,RU,1592687916
Leninsk,48.71,45.2,78.8,34,97,11.18,RU,1592687916
Nome,64.5,-165.41,66.99,48,90,13.87,US,1592687916
Assiut,27.18,31.18,82.4,37,0,11.41,EG,1592687916
Unguía,8.04,-77.09,86.0,70,40,3.36,CO,1592687710
Wenzhou,28.0,120.67,76.86,84,100,1.3,CN,1592687916
Ţahţā,26.77,31.5,87.8,25,0,13.87,EG,1592687916
Mount Gambier,-37.83,140.77,44.6,100,90,2.19,AU,1592687916
Mae Sai,20.43,99.88,78.8,94,40,4.7,TH,1592687917
Province of Mantua,45.17,10.78,69.01,74,0,1.01,IT,1592687917
Niksar,40.59,36.95,60.35,75,25,3.87,TR,1592687917
Mugur-Aksy,50.35,90.5,44.92,68,72,3.29,RU,1592687917
Porto-Novo,6.5,2.6,75.2,88,40,2.24,BJ,1592687917
Luziânia,-16.25,-47.95,78.8,39,51,9.17,BR,1592687917
Bealanana,-14.55,48.73,61.29,93,80,4.94,MG,1592687917
Emba,48.83,58.14,66.18,25,0,9.48,KZ,1592687917
College,64.86,-147.8,71.6,49,75,5.82,US,1592687917
Aykhal,66.0,111.5,60.8,63,75,4.47,RU,1592687917
Hervey Bay,-25.3,152.85,60.01,93,55,4.0,AU,1592687918
Tutóia,-2.76,-42.27,79.65,84,1,6.62,BR,1592687918
Ihosy,-22.4,46.12,58.17,92,100,8.14,MG,1592687918
Auki,-8.77,160.7,79.36,83,100,4.25,SB,1592687918
Itoman,26.12,127.67,82.4,88,75,13.87,JP,1592687918
Batī,11.18,40.02,77.0,40,59,7.18,ET,1592687918
Kyshtovka,56.55,76.63,43.9,85,27,10.92,RU,1592687918
Erdenet,49.03,104.08,51.67,91,100,6.93,MN,1592687918
Erenhot,43.65,111.98,79.61,25,6,14.88,CN,1592687919
Sergeevka,53.88,67.42,62.24,48,91,11.63,KZ,1592687919
Krasnyy Chikoy,50.36,108.75,52.27,81,100,2.28,RU,1592687919
Xiongyue,40.18,122.12,68.7,80,0,9.48,CN,1592687919
Omboué,-1.57,9.26,74.32,90,98,9.13,GA,1592687919
Somotillo,13.04,-86.91,93.2,44,40,4.7,NI,1592687919
Palu,-0.89,119.87,74.95,81,70,3.04,ID,1592687919
Yola,9.2,12.48,78.21,79,13,4.74,NG,1592687919
Orlik,52.52,99.83,48.47,80,100,1.3,RU,1592687920
Port Augusta,-32.5,137.77,51.8,81,31,12.75,AU,1592687920
Egvekinot,66.32,-179.17,54.05,42,14,2.95,RU,1592687920
Kysyl-Syr,63.9,122.76,69.06,59,2,2.77,RU,1592687920
Vila,42.03,-8.16,64.99,82,75,1.12,PT,1592687920
Charters Towers,-20.1,146.27,62.73,86,100,6.73,AU,1592687920
Kidal,18.44,1.41,94.35,10,8,8.61,ML,1592687921
Springbok,-29.66,17.89,48.29,79,0,3.24,ZA,1592687921
Faanui,-16.48,-151.75,79.75,80,29,11.18,PF,1592687921
Matsuura,33.33,129.72,71.01,90,100,5.77,JP,1592687921
Hualmay,-11.1,-77.61,66.13,73,12,7.92,PE,1592687921
Sheopur,25.67,76.7,90.95,46,44,8.66,IN,1592687921
